{"cameraMode":{"drawMode":0,"name":"Shaded","section":"Shading Mode"},"sceneLighting":false,"audioPlay":false,"sceneViewState":{"m_AlwaysRefresh":false,"showFog":true,"showSkybox":false,"showFlares":true,"showImageEffects":true,"showParticleSystems":true,"showVisualEffectGraphs":true,"m_FxEnabled":true},"in2DMode":false,"pivot":{"x":-4.1552958488464359,"y":5.098781585693359,"z":23.324853897094728},"rotation":{"x":-0.05095074325799942,"y":-0.032943885773420337,"z":0.0016811462119221688,"w":-0.998160719871521},"size":7.0208258628845219,"orthographic":false}