{"cameraMode":{"drawMode":0,"name":"Shaded","section":"Shading Mode"},"sceneLighting":true,"audioPlay":false,"sceneViewState":{"m_AlwaysRefresh":false,"showFog":true,"showSkybox":true,"showFlares":true,"showImageEffects":true,"showParticleSystems":true,"showVisualEffectGraphs":true,"m_FxEnabled":true},"in2DMode":false,"pivot":{"x":343.07733154296877,"y":1635.5540771484375,"z":-9.87548828125},"rotation":{"x":0.014999182894825936,"y":0.014993774704635144,"z":-0.0002697607851587236,"w":0.999804675579071},"size":939.4489135742188,"orthographic":false}