{"cameraMode":{"drawMode":0,"name":"Shaded","section":"Shading Mode"},"sceneLighting":false,"audioPlay":false,"sceneViewState":{"m_AlwaysRefresh":false,"showFog":true,"showSkybox":false,"showFlares":true,"showImageEffects":true,"showParticleSystems":true,"showVisualEffectGraphs":true,"m_FxEnabled":true},"in2DMode":false,"pivot":{"x":0.02149173989892006,"y":-0.20144757628440858,"z":-0.0036460310220718385},"rotation":{"x":-0.22227701544761659,"y":-0.7227118015289307,"z":0.5964787006378174,"w":-0.2693134546279907},"size":0.1588708758354187,"orthographic":false}